package,version,relationship,license,status
"@adobe/css-tools","4.5.0","transitive","MIT","MIT"
"@alloc/quick-lru","5.2.0","transitive","MIT","MIT"
"@asamuzakjp/css-color","5.1.11","transitive","MIT","MIT"
"@asamuzakjp/dom-selector","7.1.1","transitive","MIT","MIT"
"@asamuzakjp/generational-cache","1.0.1","transitive","MIT","MIT"
"@asamuzakjp/nwsapi","2.3.9","transitive","MIT","MIT"
"@ast-grep/napi","0.40.5","transitive","MIT","MIT"
"@ast-grep/napi-darwin-arm64","0.40.5","transitive","MIT","MIT"
"@ast-grep/napi-darwin-x64","0.40.5","transitive","MIT","MIT"
"@ast-grep/napi-linux-arm64-gnu","0.40.5","transitive","MIT","MIT"
"@ast-grep/napi-linux-arm64-musl","0.40.5","transitive","MIT","MIT"
"@ast-grep/napi-linux-x64-gnu","0.40.5","transitive","MIT","MIT"
"@ast-grep/napi-linux-x64-musl","0.40.5","transitive","MIT","MIT"
"@ast-grep/napi-win32-arm64-msvc","0.40.5","transitive","MIT","MIT"
"@ast-grep/napi-win32-ia32-msvc","0.40.5","transitive","MIT","MIT"
"@ast-grep/napi-win32-x64-msvc","0.40.5","transitive","MIT","MIT"
"@aws-crypto/sha1-browser","5.2.0","transitive","Apache-2.0","FLAGGED"
"@aws-crypto/sha256-browser","5.2.0","transitive","Apache-2.0","FLAGGED"
"@aws-crypto/sha256-js","5.2.0","transitive","Apache-2.0","FLAGGED"
"@aws-crypto/supports-web-crypto","5.2.0","transitive","Apache-2.0","FLAGGED"
"@aws-crypto/util","5.2.0","transitive","Apache-2.0","FLAGGED"
"@aws-sdk/checksums","3.1000.29","transitive","Apache-2.0","FLAGGED"
"@aws-sdk/client-cloudfront","3.984.0","transitive","Apache-2.0","FLAGGED"
"@aws-sdk/client-dynamodb","3.984.0","transitive","Apache-2.0","FLAGGED"
"@aws-sdk/client-lambda","3.984.0","transitive","Apache-2.0","FLAGGED"
"@aws-sdk/client-s3","3.984.0","transitive","Apache-2.0","FLAGGED"
"@aws-sdk/client-sqs","3.984.0","transitive","Apache-2.0","FLAGGED"
"@aws-sdk/core","3.977.9","transitive","Apache-2.0","FLAGGED"
"@aws-sdk/credential-provider-env","3.972.70","transitive","Apache-2.0","FLAGGED"
"@aws-sdk/credential-provider-http","3.972.72","transitive","Apache-2.0","FLAGGED"
"@aws-sdk/credential-provider-ini","3.973.15","transitive","Apache-2.0","FLAGGED"
"@aws-sdk/credential-provider-login","3.972.77","transitive","Apache-2.0","FLAGGED"
"@aws-sdk/credential-provider-node","3.972.81","transitive","Apache-2.0","FLAGGED"
"@aws-sdk/credential-provider-process","3.972.70","transitive","Apache-2.0","FLAGGED"
"@aws-sdk/credential-provider-sso","3.973.14","transitive","Apache-2.0","FLAGGED"
"@aws-sdk/credential-provider-web-identity","3.972.76","transitive","Apache-2.0","FLAGGED"
"@aws-sdk/dynamodb-codec","3.973.44","transitive","Apache-2.0","FLAGGED"
"@aws-sdk/endpoint-cache","3.972.11","transitive","Apache-2.0","FLAGGED"
"@aws-sdk/middleware-bucket-endpoint","3.972.48","transitive","Apache-2.0","FLAGGED"
"@aws-sdk/middleware-endpoint-discovery","3.972.30","transitive","Apache-2.0","FLAGGED"
"@aws-sdk/middleware-expect-continue","3.972.44","transitive","Apache-2.0","FLAGGED"
"@aws-sdk/middleware-flexible-checksums","3.974.54","transitive","Apache-2.0","FLAGGED"
"@aws-sdk/middleware-host-header","3.972.45","transitive","Apache-2.0","FLAGGED"
"@aws-sdk/middleware-location-constraint","3.972.41","transitive","Apache-2.0","FLAGGED"
"@aws-sdk/middleware-logger","3.972.44","transitive","Apache-2.0","FLAGGED"
"@aws-sdk/middleware-recursion-detection","3.972.46","transitive","Apache-2.0","FLAGGED"
"@aws-sdk/middleware-sdk-s3","3.972.75","transitive","Apache-2.0","FLAGGED"
"@aws-sdk/middleware-sdk-sqs","3.972.42","transitive","Apache-2.0","FLAGGED"
"@aws-sdk/middleware-ssec","3.972.41","transitive","Apache-2.0","FLAGGED"
"@aws-sdk/middleware-user-agent","3.972.74","transitive","Apache-2.0","FLAGGED"
"@aws-sdk/nested-clients","3.997.44","transitive","Apache-2.0","FLAGGED"
"@aws-sdk/region-config-resolver","3.972.48","transitive","Apache-2.0","FLAGGED"
"@aws-sdk/signature-v4-multi-region","3.984.0","transitive","Apache-2.0","FLAGGED"
"@aws-sdk/signature-v4-multi-region","3.996.46","transitive","Apache-2.0","FLAGGED"
"@aws-sdk/signature-v4-multi-region","3.996.46","transitive","Apache-2.0","FLAGGED"
"@aws-sdk/token-providers","3.1116.0","transitive","Apache-2.0","FLAGGED"
"@aws-sdk/types","3.974.5","transitive","Apache-2.0","FLAGGED"
"@aws-sdk/util-endpoints","3.984.0","transitive","Apache-2.0","FLAGGED"
"@aws-sdk/util-locate-window","3.965.10","transitive","Apache-2.0","FLAGGED"
"@aws-sdk/util-user-agent-browser","3.972.45","transitive","Apache-2.0","FLAGGED"
"@aws-sdk/util-user-agent-node","3.973.60","transitive","Apache-2.0","FLAGGED"
"@aws-sdk/xml-builder","3.972.40","transitive","Apache-2.0","FLAGGED"
"@aws/lambda-invoke-store","0.3.0","transitive","Apache-2.0","FLAGGED"
"@babel/code-frame","7.29.7","transitive","MIT","MIT"
"@babel/compat-data","7.29.7","transitive","MIT","MIT"
"@babel/core","7.29.7","transitive","MIT","MIT"
"@babel/generator","7.29.8","transitive","MIT","MIT"
"@babel/helper-compilation-targets","7.29.7","transitive","MIT","MIT"
"@babel/helper-globals","7.29.7","transitive","MIT","MIT"
"@babel/helper-module-imports","7.29.7","transitive","MIT","MIT"
"@babel/helper-module-transforms","7.29.7","transitive","MIT","MIT"
"@babel/helper-string-parser","7.29.7","transitive","MIT","MIT"
"@babel/helper-validator-identifier","7.29.7","transitive","MIT","MIT"
"@babel/helper-validator-option","7.29.7","transitive","MIT","MIT"
"@babel/helpers","7.29.7","transitive","MIT","MIT"
"@babel/parser","7.29.8","transitive","MIT","MIT"
"@babel/runtime","7.29.7","transitive","MIT","MIT"
"@babel/template","7.29.7","transitive","MIT","MIT"
"@babel/traverse","7.29.8","transitive","MIT","MIT"
"@babel/types","7.29.8","transitive","MIT","MIT"
"@bcoe/v8-coverage","1.0.2","transitive","MIT","MIT"
"@bramus/specificity","2.4.2","transitive","MIT","MIT"
"@cloudflare/kv-asset-handler","0.5.0","transitive","MIT OR Apache-2.0","FLAGGED"
"@cloudflare/unenv-preset","2.16.1","transitive","MIT OR Apache-2.0","FLAGGED"
"@cloudflare/workerd-darwin-64","1.20260828.1","transitive","Apache-2.0","FLAGGED"
"@cloudflare/workerd-darwin-arm64","1.20260828.1","transitive","Apache-2.0","FLAGGED"
"@cloudflare/workerd-linux-64","1.20260828.1","transitive","Apache-2.0","FLAGGED"
"@cloudflare/workerd-linux-arm64","1.20260828.1","transitive","Apache-2.0","FLAGGED"
"@cloudflare/workerd-windows-64","1.20260828.1","transitive","Apache-2.0","FLAGGED"
"@cspotcode/source-map-support","0.8.1","transitive","MIT","MIT"
"@csstools/color-helpers","6.1.1","transitive","MIT-0","FLAGGED"
"@csstools/css-calc","3.3.0","transitive","MIT","MIT"
"@csstools/css-color-parser","4.2.1","transitive","MIT","MIT"
"@csstools/css-parser-algorithms","4.0.0","transitive","MIT","MIT"
"@csstools/css-syntax-patches-for-csstree","1.1.9","transitive","MIT-0","FLAGGED"
"@csstools/css-tokenizer","4.0.0","transitive","MIT","MIT"
"@dotenvx/dotenvx","1.31.0","transitive","BSD-3-Clause","FLAGGED"
"@ecies/ciphers","0.2.6","transitive","MIT","MIT"
"@eloqnt/config","0.0.2","transitive","UNKNOWN","FLAGGED"
"@eloqnt/format-json","0.0.3","transitive","UNKNOWN","FLAGGED"
"@eloqnt/format-po","0.0.3","transitive","UNKNOWN","FLAGGED"
"@emailjs/browser","4.4.1","direct-production","BSD-3-Clause","FLAGGED"
"@emnapi/core","1.10.0","transitive","MIT","MIT"
"@emnapi/runtime","1.10.0","transitive","MIT","MIT"
"@emnapi/runtime","1.11.3","transitive","MIT","MIT"
"@emnapi/wasi-threads","1.2.1","transitive","MIT","MIT"
"@esbuild/aix-ppc64","0.25.4","transitive","MIT","MIT"
"@esbuild/aix-ppc64","0.28.1","transitive","MIT","MIT"
"@esbuild/aix-ppc64","0.28.2","transitive","MIT","MIT"
"@esbuild/android-arm","0.25.4","transitive","MIT","MIT"
"@esbuild/android-arm","0.28.1","transitive","MIT","MIT"
"@esbuild/android-arm","0.28.2","transitive","MIT","MIT"
"@esbuild/android-arm64","0.25.4","transitive","MIT","MIT"
"@esbuild/android-arm64","0.28.1","transitive","MIT","MIT"
"@esbuild/android-arm64","0.28.2","transitive","MIT","MIT"
"@esbuild/android-x64","0.25.4","transitive","MIT","MIT"
"@esbuild/android-x64","0.28.1","transitive","MIT","MIT"
"@esbuild/android-x64","0.28.2","transitive","MIT","MIT"
"@esbuild/darwin-arm64","0.25.4","transitive","MIT","MIT"
"@esbuild/darwin-arm64","0.28.1","transitive","MIT","MIT"
"@esbuild/darwin-arm64","0.28.2","transitive","MIT","MIT"
"@esbuild/darwin-x64","0.25.4","transitive","MIT","MIT"
"@esbuild/darwin-x64","0.28.1","transitive","MIT","MIT"
"@esbuild/darwin-x64","0.28.2","transitive","MIT","MIT"
"@esbuild/freebsd-arm64","0.25.4","transitive","MIT","MIT"
"@esbuild/freebsd-arm64","0.28.1","transitive","MIT","MIT"
"@esbuild/freebsd-arm64","0.28.2","transitive","MIT","MIT"
"@esbuild/freebsd-x64","0.25.4","transitive","MIT","MIT"
"@esbuild/freebsd-x64","0.28.1","transitive","MIT","MIT"
"@esbuild/freebsd-x64","0.28.2","transitive","MIT","MIT"
"@esbuild/linux-arm","0.25.4","transitive","MIT","MIT"
"@esbuild/linux-arm","0.28.1","transitive","MIT","MIT"
"@esbuild/linux-arm","0.28.2","transitive","MIT","MIT"
"@esbuild/linux-arm64","0.25.4","transitive","MIT","MIT"
"@esbuild/linux-arm64","0.28.1","transitive","MIT","MIT"
"@esbuild/linux-arm64","0.28.2","transitive","MIT","MIT"
"@esbuild/linux-ia32","0.25.4","transitive","MIT","MIT"
"@esbuild/linux-ia32","0.28.1","transitive","MIT","MIT"
"@esbuild/linux-ia32","0.28.2","transitive","MIT","MIT"
"@esbuild/linux-loong64","0.25.4","transitive","MIT","MIT"
"@esbuild/linux-loong64","0.28.1","transitive","MIT","MIT"
"@esbuild/linux-loong64","0.28.2","transitive","MIT","MIT"
"@esbuild/linux-mips64el","0.25.4","transitive","MIT","MIT"
"@esbuild/linux-mips64el","0.28.1","transitive","MIT","MIT"
"@esbuild/linux-mips64el","0.28.2","transitive","MIT","MIT"
"@esbuild/linux-ppc64","0.25.4","transitive","MIT","MIT"
"@esbuild/linux-ppc64","0.28.1","transitive","MIT","MIT"
"@esbuild/linux-ppc64","0.28.2","transitive","MIT","MIT"
"@esbuild/linux-riscv64","0.25.4","transitive","MIT","MIT"
"@esbuild/linux-riscv64","0.28.1","transitive","MIT","MIT"
"@esbuild/linux-riscv64","0.28.2","transitive","MIT","MIT"
"@esbuild/linux-s390x","0.25.4","transitive","MIT","MIT"
"@esbuild/linux-s390x","0.28.1","transitive","MIT","MIT"
"@esbuild/linux-s390x","0.28.2","transitive","MIT","MIT"
"@esbuild/linux-x64","0.25.4","transitive","MIT","MIT"
"@esbuild/linux-x64","0.28.1","transitive","MIT","MIT"
"@esbuild/linux-x64","0.28.2","transitive","MIT","MIT"
"@esbuild/netbsd-arm64","0.25.4","transitive","MIT","MIT"
"@esbuild/netbsd-arm64","0.28.1","transitive","MIT","MIT"
"@esbuild/netbsd-arm64","0.28.2","transitive","MIT","MIT"
"@esbuild/netbsd-x64","0.25.4","transitive","MIT","MIT"
"@esbuild/netbsd-x64","0.28.1","transitive","MIT","MIT"
"@esbuild/netbsd-x64","0.28.2","transitive","MIT","MIT"
"@esbuild/openbsd-arm64","0.25.4","transitive","MIT","MIT"
"@esbuild/openbsd-arm64","0.28.1","transitive","MIT","MIT"
"@esbuild/openbsd-arm64","0.28.2","transitive","MIT","MIT"
"@esbuild/openbsd-x64","0.25.4","transitive","MIT","MIT"
"@esbuild/openbsd-x64","0.28.1","transitive","MIT","MIT"
"@esbuild/openbsd-x64","0.28.2","transitive","MIT","MIT"
"@esbuild/openharmony-arm64","0.28.1","transitive","MIT","MIT"
"@esbuild/openharmony-arm64","0.28.2","transitive","MIT","MIT"
"@esbuild/sunos-x64","0.25.4","transitive","MIT","MIT"
"@esbuild/sunos-x64","0.28.1","transitive","MIT","MIT"
"@esbuild/sunos-x64","0.28.2","transitive","MIT","MIT"
"@esbuild/win32-arm64","0.25.4","transitive","MIT","MIT"
"@esbuild/win32-arm64","0.28.1","transitive","MIT","MIT"
"@esbuild/win32-arm64","0.28.2","transitive","MIT","MIT"
"@esbuild/win32-ia32","0.25.4","transitive","MIT","MIT"
"@esbuild/win32-ia32","0.28.1","transitive","MIT","MIT"
"@esbuild/win32-ia32","0.28.2","transitive","MIT","MIT"
"@esbuild/win32-x64","0.25.4","transitive","MIT","MIT"
"@esbuild/win32-x64","0.28.1","transitive","MIT","MIT"
"@esbuild/win32-x64","0.28.2","transitive","MIT","MIT"
"@eslint-community/eslint-utils","4.10.1","transitive","MIT","MIT"
"@eslint-community/eslint-utils","4.9.1","transitive","MIT","MIT"
"@eslint-community/regexpp","4.12.2","transitive","MIT","MIT"
"@eslint/config-array","0.21.2","transitive","Apache-2.0","FLAGGED"
"@eslint/config-helpers","0.4.2","transitive","Apache-2.0","FLAGGED"
"@eslint/core","0.17.0","transitive","Apache-2.0","FLAGGED"
"@eslint/eslintrc","3.3.6","transitive","MIT","MIT"
"@eslint/js","9.39.5","transitive","MIT","MIT"
"@eslint/object-schema","2.1.7","transitive","Apache-2.0","FLAGGED"
"@eslint/plugin-kit","0.4.1","transitive","Apache-2.0","FLAGGED"
"@exodus/bytes","1.15.1","transitive","MIT","MIT"
"@firebase/ai","2.15.0","transitive","Apache-2.0","FLAGGED"
"@firebase/analytics","0.10.24","transitive","Apache-2.0","FLAGGED"
"@firebase/analytics-compat","0.2.30","transitive","Apache-2.0","FLAGGED"
"@firebase/analytics-types","0.8.5","transitive","Apache-2.0","FLAGGED"
"@firebase/app","0.16.1","transitive","Apache-2.0","FLAGGED"
"@firebase/app-check","0.13.1","transitive","Apache-2.0","FLAGGED"
"@firebase/app-check-compat","0.4.7","transitive","Apache-2.0","FLAGGED"
"@firebase/app-check-interop-types","0.3.5","transitive","Apache-2.0","FLAGGED"
"@firebase/app-check-types","0.5.5","transitive","Apache-2.0","FLAGGED"
"@firebase/app-compat","0.5.17","transitive","Apache-2.0","FLAGGED"
"@firebase/app-types","0.9.6","transitive","Apache-2.0","FLAGGED"
"@firebase/auth","1.13.5","transitive","Apache-2.0","FLAGGED"
"@firebase/auth-compat","0.6.10","transitive","Apache-2.0","FLAGGED"
"@firebase/auth-interop-types","0.2.6","transitive","Apache-2.0","FLAGGED"
"@firebase/auth-types","0.13.2","transitive","Apache-2.0","FLAGGED"
"@firebase/component","0.7.5","transitive","Apache-2.0","FLAGGED"
"@firebase/data-connect","0.7.4","transitive","Apache-2.0","FLAGGED"
"@firebase/database","1.1.5","transitive","Apache-2.0","FLAGGED"
"@firebase/database-compat","2.1.7","transitive","Apache-2.0","FLAGGED"
"@firebase/database-types","1.0.22","transitive","Apache-2.0","FLAGGED"
"@firebase/firestore","4.17.1","transitive","Apache-2.0","FLAGGED"
"@firebase/firestore-compat","0.4.13","transitive","Apache-2.0","FLAGGED"
"@firebase/firestore-types","3.0.5","transitive","Apache-2.0","FLAGGED"
"@firebase/functions","0.14.0","transitive","Apache-2.0","FLAGGED"
"@firebase/functions-compat","0.5.0","transitive","Apache-2.0","FLAGGED"
"@firebase/functions-types","0.6.5","transitive","Apache-2.0","FLAGGED"
"@firebase/installations","0.6.24","transitive","Apache-2.0","FLAGGED"
"@firebase/installations-compat","0.2.24","transitive","Apache-2.0","FLAGGED"
"@firebase/installations-types","0.5.5","transitive","Apache-2.0","FLAGGED"
"@firebase/logger","0.5.2","transitive","Apache-2.0","FLAGGED"
"@firebase/messaging","0.13.2","transitive","Apache-2.0","FLAGGED"
"@firebase/messaging-compat","0.2.29","transitive","Apache-2.0","FLAGGED"
"@firebase/messaging-interop-types","0.2.6","transitive","Apache-2.0","FLAGGED"
"@firebase/performance","0.7.14","transitive","Apache-2.0","FLAGGED"
"@firebase/performance-compat","0.2.27","transitive","Apache-2.0","FLAGGED"
"@firebase/performance-types","0.2.5","transitive","Apache-2.0","FLAGGED"
"@firebase/remote-config","0.9.2","transitive","Apache-2.0","FLAGGED"
"@firebase/remote-config-compat","0.2.29","transitive","Apache-2.0","FLAGGED"
"@firebase/remote-config-types","0.5.2","transitive","Apache-2.0","FLAGGED"
"@firebase/storage","0.14.5","transitive","Apache-2.0","FLAGGED"
"@firebase/storage-compat","0.4.5","transitive","Apache-2.0","FLAGGED"
"@firebase/storage-types","0.8.5","transitive","Apache-2.0","FLAGGED"
"@firebase/util","1.15.3","transitive","Apache-2.0","FLAGGED"
"@firebase/webchannel-wrapper","1.0.7","transitive","Apache-2.0","FLAGGED"
"@floating-ui/core","1.8.0","transitive","MIT","MIT"
"@floating-ui/dom","1.8.0","transitive","MIT","MIT"
"@floating-ui/react-dom","2.1.9","transitive","MIT","MIT"
"@floating-ui/utils","0.2.12","transitive","MIT","MIT"
"@formatjs/fast-memoize","3.1.7","transitive","MIT","MIT"
"@formatjs/icu-messageformat-parser","3.5.17","transitive","MIT","MIT"
"@formatjs/icu-skeleton-parser","2.1.11","transitive","MIT","MIT"
"@formatjs/intl-localematcher","0.8.13","transitive","MIT","MIT"
"@grpc/grpc-js","1.9.16","transitive","Apache-2.0","FLAGGED"
"@grpc/proto-loader","0.7.15","transitive","Apache-2.0","FLAGGED"
"@hookform/resolvers","5.9.1","direct-production","MIT","MIT"
"@huggingface/inference","4.13.28","direct-production","MIT","MIT"
"@huggingface/jinja","0.5.9","transitive","MIT","MIT"
"@huggingface/tasks","0.21.41","transitive","MIT","MIT"
"@humanfs/core","0.19.2","transitive","Apache-2.0","FLAGGED"
"@humanfs/node","0.16.8","transitive","Apache-2.0","FLAGGED"
"@humanfs/types","0.15.0","transitive","Apache-2.0","FLAGGED"
"@humanwhocodes/module-importer","1.0.1","transitive","Apache-2.0","FLAGGED"
"@humanwhocodes/retry","0.4.3","transitive","Apache-2.0","FLAGGED"
"@img/colour","1.1.0","transitive","MIT","MIT"
"@img/sharp-darwin-arm64","0.35.2","transitive","Apache-2.0","FLAGGED"
"@img/sharp-darwin-arm64","0.35.4","transitive","Apache-2.0","FLAGGED"
"@img/sharp-darwin-x64","0.35.2","transitive","Apache-2.0","FLAGGED"
"@img/sharp-darwin-x64","0.35.4","transitive","Apache-2.0","FLAGGED"
"@img/sharp-freebsd-wasm32","0.35.2","transitive","Apache-2.0","FLAGGED"
"@img/sharp-freebsd-wasm32","0.35.4","transitive","Apache-2.0","FLAGGED"
"@img/sharp-libvips-darwin-arm64","1.3.1","transitive","LGPL-3.0-or-later","FLAGGED"
"@img/sharp-libvips-darwin-arm64","1.3.3","transitive","LGPL-3.0-or-later","FLAGGED"
"@img/sharp-libvips-darwin-x64","1.3.1","transitive","LGPL-3.0-or-later","FLAGGED"
"@img/sharp-libvips-darwin-x64","1.3.3","transitive","LGPL-3.0-or-later","FLAGGED"
"@img/sharp-libvips-linux-arm","1.3.1","transitive","LGPL-3.0-or-later","FLAGGED"
"@img/sharp-libvips-linux-arm","1.3.3","transitive","LGPL-3.0-or-later","FLAGGED"
"@img/sharp-libvips-linux-arm64","1.3.1","transitive","LGPL-3.0-or-later","FLAGGED"
"@img/sharp-libvips-linux-arm64","1.3.3","transitive","LGPL-3.0-or-later","FLAGGED"
"@img/sharp-libvips-linux-ppc64","1.3.1","transitive","LGPL-3.0-or-later","FLAGGED"
"@img/sharp-libvips-linux-ppc64","1.3.3","transitive","LGPL-3.0-or-later","FLAGGED"
"@img/sharp-libvips-linux-riscv64","1.3.1","transitive","LGPL-3.0-or-later","FLAGGED"
"@img/sharp-libvips-linux-riscv64","1.3.3","transitive","LGPL-3.0-or-later","FLAGGED"
"@img/sharp-libvips-linux-s390x","1.3.1","transitive","LGPL-3.0-or-later","FLAGGED"
"@img/sharp-libvips-linux-s390x","1.3.3","transitive","LGPL-3.0-or-later","FLAGGED"
"@img/sharp-libvips-linux-x64","1.3.1","transitive","LGPL-3.0-or-later","FLAGGED"
"@img/sharp-libvips-linux-x64","1.3.3","transitive","LGPL-3.0-or-later","FLAGGED"
"@img/sharp-libvips-linuxmusl-arm64","1.3.1","transitive","LGPL-3.0-or-later","FLAGGED"
"@img/sharp-libvips-linuxmusl-arm64","1.3.3","transitive","LGPL-3.0-or-later","FLAGGED"
"@img/sharp-libvips-linuxmusl-x64","1.3.1","transitive","LGPL-3.0-or-later","FLAGGED"
"@img/sharp-libvips-linuxmusl-x64","1.3.3","transitive","LGPL-3.0-or-later","FLAGGED"
"@img/sharp-linux-arm","0.35.2","transitive","Apache-2.0","FLAGGED"
"@img/sharp-linux-arm","0.35.4","transitive","Apache-2.0","FLAGGED"
"@img/sharp-linux-arm64","0.35.2","transitive","Apache-2.0","FLAGGED"
"@img/sharp-linux-arm64","0.35.4","transitive","Apache-2.0","FLAGGED"
"@img/sharp-linux-ppc64","0.35.2","transitive","Apache-2.0","FLAGGED"
"@img/sharp-linux-ppc64","0.35.4","transitive","Apache-2.0","FLAGGED"
"@img/sharp-linux-riscv64","0.35.2","transitive","Apache-2.0","FLAGGED"
"@img/sharp-linux-riscv64","0.35.4","transitive","Apache-2.0","FLAGGED"
"@img/sharp-linux-s390x","0.35.2","transitive","Apache-2.0","FLAGGED"
"@img/sharp-linux-s390x","0.35.4","transitive","Apache-2.0","FLAGGED"
"@img/sharp-linux-x64","0.35.2","transitive","Apache-2.0","FLAGGED"
"@img/sharp-linux-x64","0.35.4","transitive","Apache-2.0","FLAGGED"
"@img/sharp-linuxmusl-arm64","0.35.2","transitive","Apache-2.0","FLAGGED"
"@img/sharp-linuxmusl-arm64","0.35.4","transitive","Apache-2.0","FLAGGED"
"@img/sharp-linuxmusl-x64","0.35.2","transitive","Apache-2.0","FLAGGED"
"@img/sharp-linuxmusl-x64","0.35.4","transitive","Apache-2.0","FLAGGED"
"@img/sharp-wasm32","0.35.2","transitive","Apache-2.0 AND LGPL-3.0-or-later AND MIT","FLAGGED"
"@img/sharp-wasm32","0.35.4","transitive","Apache-2.0 AND LGPL-3.0-or-later AND MIT","FLAGGED"
"@img/sharp-webcontainers-wasm32","0.35.2","transitive","Apache-2.0","FLAGGED"
"@img/sharp-webcontainers-wasm32","0.35.4","transitive","Apache-2.0","FLAGGED"
"@img/sharp-win32-arm64","0.35.2","transitive","Apache-2.0 AND LGPL-3.0-or-later","FLAGGED"
"@img/sharp-win32-arm64","0.35.4","transitive","Apache-2.0 AND LGPL-3.0-or-later","FLAGGED"
"@img/sharp-win32-ia32","0.35.2","transitive","Apache-2.0 AND LGPL-3.0-or-later","FLAGGED"
"@img/sharp-win32-ia32","0.35.4","transitive","Apache-2.0 AND LGPL-3.0-or-later","FLAGGED"
"@img/sharp-win32-x64","0.35.2","transitive","Apache-2.0 AND LGPL-3.0-or-later","FLAGGED"
"@img/sharp-win32-x64","0.35.4","transitive","Apache-2.0 AND LGPL-3.0-or-later","FLAGGED"
"@isaacs/cliui","9.0.0","transitive","BlueOak-1.0.0","FLAGGED"
"@jridgewell/gen-mapping","0.3.13","transitive","MIT","MIT"
"@jridgewell/remapping","2.3.5","transitive","MIT","MIT"
"@jridgewell/resolve-uri","3.1.2","transitive","MIT","MIT"
"@jridgewell/source-map","0.3.11","transitive","MIT","MIT"
"@jridgewell/sourcemap-codec","1.6.0","transitive","MIT","MIT"
"@jridgewell/trace-mapping","0.3.31","transitive","MIT","MIT"
"@jridgewell/trace-mapping","0.3.9","transitive","MIT","MIT"
"@marsidev/react-turnstile","1.6.1","direct-production","MIT","MIT"
"@mediapipe/tasks-vision","0.10.17","transitive","Apache-2.0","FLAGGED"
"@monogrid/gainmap-js","3.4.0","transitive","MIT","MIT"
"@napi-rs/wasm-runtime","1.2.3","transitive","MIT","MIT"
"@next/env","16.3.3","transitive","MIT","MIT"
"@next/eslint-plugin-next","16.3.3","transitive","MIT","MIT"
"@next/swc-darwin-arm64","16.3.3","transitive","MIT","MIT"
"@next/swc-darwin-x64","16.3.3","transitive","MIT","MIT"
"@next/swc-linux-arm64-gnu","16.3.3","transitive","MIT","MIT"
"@next/swc-linux-arm64-musl","16.3.3","transitive","MIT","MIT"
"@next/swc-linux-x64-gnu","16.3.3","transitive","MIT","MIT"
"@next/swc-linux-x64-musl","16.3.3","transitive","MIT","MIT"
"@next/swc-win32-arm64-msvc","16.3.3","transitive","MIT","MIT"
"@next/swc-win32-x64-msvc","16.3.3","transitive","MIT","MIT"
"@noble/ciphers","1.3.0","transitive","MIT","MIT"
"@noble/curves","1.9.7","transitive","MIT","MIT"
"@noble/hashes","1.8.0","transitive","MIT","MIT"
"@node-minify/core","8.0.6","transitive","MIT","MIT"
"@node-minify/terser","8.0.6","transitive","MIT","MIT"
"@node-minify/utils","8.0.6","transitive","MIT","MIT"
"@nodelib/fs.scandir","2.1.5","transitive","MIT","MIT"
"@nodelib/fs.stat","2.0.5","transitive","MIT","MIT"
"@nodelib/fs.walk","1.2.8","transitive","MIT","MIT"
"@nolyfill/is-core-module","1.0.39","transitive","MIT","MIT"
"@opennextjs/aws","4.1.2","transitive","MIT","MIT"
"@opennextjs/cloudflare","1.20.4","direct-production","MIT","MIT"
"@oxc-project/types","0.147.0","transitive","MIT","MIT"
"@parcel/watcher","2.6.0","transitive","MIT","MIT"
"@parcel/watcher-android-arm64","2.6.0","transitive","MIT","MIT"
"@parcel/watcher-darwin-arm64","2.6.0","transitive","MIT","MIT"
"@parcel/watcher-darwin-x64","2.6.0","transitive","MIT","MIT"
"@parcel/watcher-freebsd-x64","2.6.0","transitive","MIT","MIT"
"@parcel/watcher-linux-arm-glibc","2.6.0","transitive","MIT","MIT"
"@parcel/watcher-linux-arm-musl","2.6.0","transitive","MIT","MIT"
"@parcel/watcher-linux-arm64-glibc","2.6.0","transitive","MIT","MIT"
"@parcel/watcher-linux-arm64-musl","2.6.0","transitive","MIT","MIT"
"@parcel/watcher-linux-x64-glibc","2.6.0","transitive","MIT","MIT"
"@parcel/watcher-linux-x64-musl","2.6.0","transitive","MIT","MIT"
"@parcel/watcher-win32-arm64","2.6.0","transitive","MIT","MIT"
"@parcel/watcher-win32-x64","2.6.0","transitive","MIT","MIT"
"@poppinss/colors","4.1.6","transitive","MIT","MIT"
"@poppinss/dumper","0.6.5","transitive","MIT","MIT"
"@poppinss/exception","1.2.3","transitive","MIT","MIT"
"@protobufjs/aspromise","1.1.2","transitive","BSD-3-Clause","FLAGGED"
"@protobufjs/base64","1.1.2","transitive","BSD-3-Clause","FLAGGED"
"@protobufjs/codegen","2.0.5","transitive","BSD-3-Clause","FLAGGED"
"@protobufjs/eventemitter","1.1.1","transitive","BSD-3-Clause","FLAGGED"
"@protobufjs/fetch","1.1.1","transitive","BSD-3-Clause","FLAGGED"
"@protobufjs/float","1.0.2","transitive","BSD-3-Clause","FLAGGED"
"@protobufjs/path","1.1.2","transitive","BSD-3-Clause","FLAGGED"
"@protobufjs/pool","1.1.0","transitive","BSD-3-Clause","FLAGGED"
"@protobufjs/utf8","1.1.2","transitive","BSD-3-Clause","FLAGGED"
"@radix-ui/primitive","1.1.7","transitive","MIT","MIT"
"@radix-ui/react-accordion","1.2.20","direct-production","MIT","MIT"
"@radix-ui/react-arrow","1.1.15","transitive","MIT","MIT"
"@radix-ui/react-collapsible","1.1.20","transitive","MIT","MIT"
"@radix-ui/react-collection","1.1.15","transitive","MIT","MIT"
"@radix-ui/react-compose-refs","1.1.5","transitive","MIT","MIT"
"@radix-ui/react-context","1.2.2","transitive","MIT","MIT"
"@radix-ui/react-dialog","1.1.23","direct-production","MIT","MIT"
"@radix-ui/react-direction","1.1.4","transitive","MIT","MIT"
"@radix-ui/react-dismissable-layer","1.1.19","transitive","MIT","MIT"
"@radix-ui/react-focus-guards","1.1.6","transitive","MIT","MIT"
"@radix-ui/react-focus-scope","1.1.16","transitive","MIT","MIT"
"@radix-ui/react-id","1.1.4","transitive","MIT","MIT"
"@radix-ui/react-popper","1.3.7","transitive","MIT","MIT"
"@radix-ui/react-portal","1.1.17","transitive","MIT","MIT"
"@radix-ui/react-presence","1.1.10","transitive","MIT","MIT"
"@radix-ui/react-primitive","2.1.10","transitive","MIT","MIT"
"@radix-ui/react-roving-focus","1.1.19","transitive","MIT","MIT"
"@radix-ui/react-slot","1.3.3","transitive","MIT","MIT"
"@radix-ui/react-tabs","1.1.21","direct-production","MIT","MIT"
"@radix-ui/react-toast","1.2.23","direct-production","MIT","MIT"
"@radix-ui/react-tooltip","1.2.16","direct-production","MIT","MIT"
"@radix-ui/react-use-callback-ref","1.1.4","transitive","MIT","MIT"
"@radix-ui/react-use-controllable-state","1.2.6","transitive","MIT","MIT"
"@radix-ui/react-use-effect-event","0.0.5","transitive","MIT","MIT"
"@radix-ui/react-use-is-hydrated","0.1.3","transitive","MIT","MIT"
"@radix-ui/react-use-layout-effect","1.1.4","transitive","MIT","MIT"
"@radix-ui/react-use-rect","1.1.4","transitive","MIT","MIT"
"@radix-ui/react-use-size","1.1.4","transitive","MIT","MIT"
"@radix-ui/react-visually-hidden","1.2.11","transitive","MIT","MIT"
"@radix-ui/rect","1.1.3","transitive","MIT","MIT"
"@react-spring/animated","9.7.5","transitive","MIT","MIT"
"@react-spring/core","9.7.5","transitive","MIT","MIT"
"@react-spring/rafz","9.7.5","transitive","MIT","MIT"
"@react-spring/shared","9.7.5","transitive","MIT","MIT"
"@react-spring/three","9.7.5","direct-production","MIT","MIT"
"@react-spring/types","9.7.5","transitive","MIT","MIT"
"@react-three/drei","10.7.8","direct-production","MIT","MIT"
"@react-three/fiber","9.7.0","direct-production","MIT","MIT"
"@react-three/postprocessing","2.19.1","direct-production","MIT","MIT"
"@rolldown/binding-android-arm-eabi","1.2.6","transitive","MIT","MIT"
"@rolldown/binding-android-arm64","1.2.6","transitive","MIT","MIT"
"@rolldown/binding-darwin-arm64","1.2.6","transitive","MIT","MIT"
"@rolldown/binding-darwin-x64","1.2.6","transitive","MIT","MIT"
"@rolldown/binding-freebsd-x64","1.2.6","transitive","MIT","MIT"
"@rolldown/binding-linux-arm-gnueabihf","1.2.6","transitive","MIT","MIT"
"@rolldown/binding-linux-arm64-gnu","1.2.6","transitive","MIT","MIT"
"@rolldown/binding-linux-arm64-musl","1.2.6","transitive","MIT","MIT"
"@rolldown/binding-linux-ppc64-gnu","1.2.6","transitive","MIT","MIT"
"@rolldown/binding-linux-s390x-gnu","1.2.6","transitive","MIT","MIT"
"@rolldown/binding-linux-x64-gnu","1.2.6","transitive","MIT","MIT"
"@rolldown/binding-linux-x64-musl","1.2.6","transitive","MIT","MIT"
"@rolldown/binding-openharmony-arm64","1.2.6","transitive","MIT","MIT"
"@rolldown/binding-win32-arm64-msvc","1.2.6","transitive","MIT","MIT"
"@rolldown/binding-win32-x64-msvc","1.2.6","transitive","MIT","MIT"
"@rolldown/pluginutils","1.0.1","transitive","MIT","MIT"
"@rtsao/scc","1.1.0","transitive","MIT","MIT"
"@schummar/icu-type-parser","1.21.5","transitive","MIT","MIT"
"@sindresorhus/is","7.2.0","transitive","MIT","MIT"
"@smithy/config-resolver","4.7.2","transitive","Apache-2.0","FLAGGED"
"@smithy/core","3.33.3","transitive","Apache-2.0","FLAGGED"
"@smithy/credential-provider-imds","4.5.2","transitive","Apache-2.0","FLAGGED"
"@smithy/eventstream-serde-browser","4.5.2","transitive","Apache-2.0","FLAGGED"
"@smithy/eventstream-serde-config-resolver","4.6.2","transitive","Apache-2.0","FLAGGED"
"@smithy/eventstream-serde-node","4.5.2","transitive","Apache-2.0","FLAGGED"
"@smithy/fetch-http-handler","5.7.2","transitive","Apache-2.0","FLAGGED"
"@smithy/hash-blob-browser","4.5.2","transitive","Apache-2.0","FLAGGED"
"@smithy/hash-node","4.5.2","transitive","Apache-2.0","FLAGGED"
"@smithy/hash-stream-node","4.5.2","transitive","Apache-2.0","FLAGGED"
"@smithy/invalid-dependency","4.5.2","transitive","Apache-2.0","FLAGGED"
"@smithy/is-array-buffer","2.2.0","transitive","Apache-2.0","FLAGGED"
"@smithy/md5-js","4.5.2","transitive","Apache-2.0","FLAGGED"
"@smithy/middleware-content-length","4.5.2","transitive","Apache-2.0","FLAGGED"
"@smithy/middleware-endpoint","4.7.2","transitive","Apache-2.0","FLAGGED"
"@smithy/middleware-retry","4.8.2","transitive","Apache-2.0","FLAGGED"
"@smithy/middleware-serde","4.5.2","transitive","Apache-2.0","FLAGGED"
"@smithy/middleware-stack","4.5.2","transitive","Apache-2.0","FLAGGED"
"@smithy/node-config-provider","4.6.2","transitive","Apache-2.0","FLAGGED"
"@smithy/node-http-handler","4.11.3","transitive","Apache-2.0","FLAGGED"
"@smithy/protocol-http","5.6.2","transitive","Apache-2.0","FLAGGED"
"@smithy/signature-v4","5.7.3","transitive","Apache-2.0","FLAGGED"
"@smithy/smithy-client","4.15.2","transitive","Apache-2.0","FLAGGED"
"@smithy/types","4.17.2","transitive","Apache-2.0","FLAGGED"
"@smithy/url-parser","4.5.2","transitive","Apache-2.0","FLAGGED"
"@smithy/util-base64","4.6.2","transitive","Apache-2.0","FLAGGED"
"@smithy/util-body-length-browser","4.5.2","transitive","Apache-2.0","FLAGGED"
"@smithy/util-body-length-node","4.5.2","transitive","Apache-2.0","FLAGGED"
"@smithy/util-buffer-from","2.2.0","transitive","Apache-2.0","FLAGGED"
"@smithy/util-defaults-mode-browser","4.6.2","transitive","Apache-2.0","FLAGGED"
"@smithy/util-defaults-mode-node","4.5.2","transitive","Apache-2.0","FLAGGED"
"@smithy/util-endpoints","3.7.2","transitive","Apache-2.0","FLAGGED"
"@smithy/util-middleware","4.5.2","transitive","Apache-2.0","FLAGGED"
"@smithy/util-retry","4.6.2","transitive","Apache-2.0","FLAGGED"
"@smithy/util-stream","4.8.2","transitive","Apache-2.0","FLAGGED"
"@smithy/util-utf8","2.3.0","transitive","Apache-2.0","FLAGGED"
"@smithy/util-utf8","2.3.0","transitive","Apache-2.0","FLAGGED"
"@smithy/util-utf8","2.3.0","transitive","Apache-2.0","FLAGGED"
"@smithy/util-utf8","4.5.2","transitive","Apache-2.0","FLAGGED"
"@smithy/util-waiter","4.6.2","transitive","Apache-2.0","FLAGGED"
"@speed-highlight/core","1.2.24","transitive","CC0-1.0","FLAGGED"
"@standard-schema/spec","1.1.0","transitive","MIT","MIT"
"@standard-schema/utils","0.3.0","transitive","MIT","MIT"
"@swc/core","1.16.1","transitive","Apache-2.0","FLAGGED"
"@swc/core-darwin-arm64","1.16.1","transitive","Apache-2.0 AND MIT","FLAGGED"
"@swc/core-darwin-x64","1.16.1","transitive","Apache-2.0 AND MIT","FLAGGED"
"@swc/core-linux-arm-gnueabihf","1.16.1","transitive","Apache-2.0","FLAGGED"
"@swc/core-linux-arm64-gnu","1.16.1","transitive","Apache-2.0 AND MIT","FLAGGED"
"@swc/core-linux-arm64-musl","1.16.1","transitive","Apache-2.0 AND MIT","FLAGGED"
"@swc/core-linux-ppc64-gnu","1.16.1","transitive","Apache-2.0 AND MIT","FLAGGED"
"@swc/core-linux-s390x-gnu","1.16.1","transitive","Apache-2.0 AND MIT","FLAGGED"
"@swc/core-linux-x64-gnu","1.16.1","transitive","Apache-2.0 AND MIT","FLAGGED"
"@swc/core-linux-x64-musl","1.16.1","transitive","Apache-2.0 AND MIT","FLAGGED"
"@swc/core-win32-arm64-msvc","1.16.1","transitive","Apache-2.0 AND MIT","FLAGGED"
"@swc/core-win32-ia32-msvc","1.16.1","transitive","Apache-2.0 AND MIT","FLAGGED"
"@swc/core-win32-x64-msvc","1.16.1","transitive","Apache-2.0 AND MIT","FLAGGED"
"@swc/counter","0.1.3","transitive","Apache-2.0","FLAGGED"
"@swc/helpers","0.5.23","transitive","Apache-2.0","FLAGGED"
"@swc/types","0.1.28","transitive","Apache-2.0","FLAGGED"
"@testing-library/dom","10.4.1","direct-development","MIT","MIT"
"@testing-library/jest-dom","7.0.1","direct-development","MIT","MIT"
"@testing-library/react","16.3.3","direct-development","MIT","MIT"
"@tsconfig/node18","1.0.3","transitive","MIT","MIT"
"@tweenjs/tween.js","23.1.3","transitive","MIT","MIT"
"@tybys/wasm-util","0.10.3","transitive","MIT","MIT"
"@types/aria-query","5.0.4","transitive","MIT","MIT"
"@types/chai","5.2.3","transitive","MIT","MIT"
"@types/deep-eql","4.0.2","transitive","MIT","MIT"
"@types/draco3d","1.4.10","transitive","MIT","MIT"
"@types/estree","1.0.9","transitive","MIT","MIT"
"@types/json-schema","7.0.15","transitive","MIT","MIT"
"@types/json5","0.0.29","transitive","MIT","MIT"
"@types/node","18.19.130","direct-development","MIT","MIT"
"@types/node","22.20.1","direct-development","MIT","MIT"
"@types/node-fetch","2.6.13","transitive","MIT","MIT"
"@types/offscreencanvas","2019.7.3","transitive","MIT","MIT"
"@types/react","19.2.18","direct-development","MIT","MIT"
"@types/react-dom","19.2.5","direct-development","MIT","MIT"
"@types/react-reconciler","0.28.9","transitive","MIT","MIT"
"@types/stats.js","0.17.4","transitive","MIT","MIT"
"@types/three","0.168.0","direct-development","MIT","MIT"
"@types/webxr","0.5.24","transitive","MIT","MIT"
"@typescript-eslint/eslint-plugin","8.68.0","transitive","MIT","MIT"
"@typescript-eslint/parser","8.68.0","transitive","MIT","MIT"
"@typescript-eslint/project-service","8.68.0","transitive","MIT","MIT"
"@typescript-eslint/scope-manager","8.68.0","transitive","MIT","MIT"
"@typescript-eslint/tsconfig-utils","8.68.0","transitive","MIT","MIT"
"@typescript-eslint/type-utils","8.68.0","transitive","MIT","MIT"
"@typescript-eslint/types","8.68.0","transitive","MIT","MIT"
"@typescript-eslint/typescript-estree","8.68.0","transitive","MIT","MIT"
"@typescript-eslint/utils","8.68.0","transitive","MIT","MIT"
"@typescript-eslint/visitor-keys","8.68.0","transitive","MIT","MIT"
"@unrs/resolver-binding-android-arm-eabi","1.12.2","transitive","MIT","MIT"
"@unrs/resolver-binding-android-arm64","1.12.2","transitive","MIT","MIT"
"@unrs/resolver-binding-darwin-arm64","1.12.2","transitive","MIT","MIT"
"@unrs/resolver-binding-darwin-x64","1.12.2","transitive","MIT","MIT"
"@unrs/resolver-binding-freebsd-x64","1.12.2","transitive","MIT","MIT"
"@unrs/resolver-binding-linux-arm-gnueabihf","1.12.2","transitive","MIT","MIT"
"@unrs/resolver-binding-linux-arm-musleabihf","1.12.2","transitive","MIT","MIT"
"@unrs/resolver-binding-linux-arm64-gnu","1.12.2","transitive","MIT","MIT"
"@unrs/resolver-binding-linux-arm64-musl","1.12.2","transitive","MIT","MIT"
"@unrs/resolver-binding-linux-loong64-gnu","1.12.2","transitive","MIT","MIT"
"@unrs/resolver-binding-linux-loong64-musl","1.12.2","transitive","MIT","MIT"
"@unrs/resolver-binding-linux-ppc64-gnu","1.12.2","transitive","MIT","MIT"
"@unrs/resolver-binding-linux-riscv64-gnu","1.12.2","transitive","MIT","MIT"
"@unrs/resolver-binding-linux-riscv64-musl","1.12.2","transitive","MIT","MIT"
"@unrs/resolver-binding-linux-s390x-gnu","1.12.2","transitive","MIT","MIT"
"@unrs/resolver-binding-linux-x64-gnu","1.12.2","transitive","MIT","MIT"
"@unrs/resolver-binding-linux-x64-musl","1.12.2","transitive","MIT","MIT"
"@unrs/resolver-binding-openharmony-arm64","1.12.2","transitive","MIT","MIT"
"@unrs/resolver-binding-wasm32-wasi","1.12.2","transitive","MIT","MIT"
"@unrs/resolver-binding-win32-arm64-msvc","1.12.2","transitive","MIT","MIT"
"@unrs/resolver-binding-win32-ia32-msvc","1.12.2","transitive","MIT","MIT"
"@unrs/resolver-binding-win32-x64-msvc","1.12.2","transitive","MIT","MIT"
"@use-gesture/core","10.3.1","transitive","MIT","MIT"
"@use-gesture/react","10.3.1","transitive","MIT","MIT"
"@vitest/coverage-v8","4.1.11","direct-development","MIT","MIT"
"@vitest/expect","4.1.11","transitive","MIT","MIT"
"@vitest/mocker","4.1.11","transitive","MIT","MIT"
"@vitest/pretty-format","4.1.11","transitive","MIT","MIT"
"@vitest/runner","4.1.11","transitive","MIT","MIT"
"@vitest/snapshot","4.1.11","transitive","MIT","MIT"
"@vitest/spy","4.1.11","transitive","MIT","MIT"
"@vitest/utils","4.1.11","transitive","MIT","MIT"
"@webgpu/types","0.1.72","transitive","BSD-3-Clause","FLAGGED"
"abort-controller","3.0.0","transitive","MIT","MIT"
"accepts","2.0.0","transitive","MIT","MIT"
"acorn","8.18.0","transitive","MIT","MIT"
"acorn-jsx","5.3.2","transitive","MIT","MIT"
"agentkeepalive","4.6.0","transitive","MIT","MIT"
"ajv","6.15.0","transitive","MIT","MIT"
"ansi-colors","4.1.3","transitive","MIT","MIT"
"ansi-regex","5.0.1","transitive","MIT","MIT"
"ansi-regex","6.3.0","transitive","MIT","MIT"
"ansi-styles","4.3.0","transitive","MIT","MIT"
"ansi-styles","5.2.0","transitive","MIT","MIT"
"ansi-styles","6.2.3","transitive","MIT","MIT"
"any-promise","1.3.0","transitive","MIT","MIT"
"anymatch","3.1.3","transitive","ISC","FLAGGED"
"arg","5.0.2","transitive","MIT","MIT"
"argparse","2.0.1","transitive","Python-2.0","FLAGGED"
"aria-hidden","1.2.6","transitive","MIT","MIT"
"aria-query","5.3.0","transitive","Apache-2.0","FLAGGED"
"aria-query","5.3.2","transitive","Apache-2.0","FLAGGED"
"array-buffer-byte-length","1.0.2","transitive","MIT","MIT"
"array-includes","3.1.9","transitive","MIT","MIT"
"array-timsort","1.0.3","transitive","MIT","MIT"
"array.prototype.findlast","1.2.5","transitive","MIT","MIT"
"array.prototype.findlastindex","1.2.6","transitive","MIT","MIT"
"array.prototype.flat","1.3.3","transitive","MIT","MIT"
"array.prototype.flatmap","1.3.3","transitive","MIT","MIT"
"array.prototype.tosorted","1.1.4","transitive","MIT","MIT"
"arraybuffer.prototype.slice","1.0.4","transitive","MIT","MIT"
"assertion-error","2.0.1","transitive","MIT","MIT"
"ast-types-flow","0.0.8","transitive","MIT","MIT"
"ast-v8-to-istanbul","1.0.6","transitive","MIT","MIT"
"async-function","1.0.0","transitive","MIT","MIT"
"asynckit","0.4.0","transitive","MIT","MIT"
"autoprefixer","10.5.4","direct-development","MIT","MIT"
"available-typed-arrays","1.0.7","transitive","MIT","MIT"
"aws4fetch","1.0.20","transitive","MIT","MIT"
"axe-core","4.13.0","transitive","MPL-2.0","FLAGGED"
"axobject-query","4.1.0","transitive","Apache-2.0","FLAGGED"
"balanced-match","1.0.2","transitive","MIT","MIT"
"balanced-match","4.0.4","transitive","MIT","MIT"
"balanced-match","4.0.4","transitive","MIT","MIT"
"base64-js","1.5.1","transitive","MIT","MIT"
"baseline-browser-mapping","2.11.20","transitive","Apache-2.0","FLAGGED"
"bidi-js","1.0.3","transitive","MIT","MIT"
"binary-extensions","2.3.0","transitive","MIT","MIT"
"blake3-wasm","2.1.5","transitive","MIT","MIT"
"body-parser","2.3.0","transitive","MIT","MIT"
"bowser","2.14.1","transitive","MIT","MIT"
"brace-expansion","1.1.18","transitive","MIT","MIT"
"brace-expansion","2.1.4","transitive","MIT","MIT"
"brace-expansion","5.0.9","transitive","MIT","MIT"
"brace-expansion","5.0.9","transitive","MIT","MIT"
"braces","3.0.3","transitive","MIT","MIT"
"browserslist","4.28.8","transitive","MIT","MIT"
"buffer","6.0.3","transitive","MIT","MIT"
"buffer-from","1.1.2","transitive","MIT","MIT"
"bytes","3.1.2","transitive","MIT","MIT"
"call-bind","1.0.9","transitive","MIT","MIT"
"call-bind-apply-helpers","1.0.2","transitive","MIT","MIT"
"call-bound","1.0.4","transitive","MIT","MIT"
"callsites","3.1.0","transitive","MIT","MIT"
"camelcase-css","2.0.1","transitive","MIT","MIT"
"camera-controls","3.1.2","transitive","MIT","MIT"
"caniuse-lite","1.0.30001810","transitive","CC-BY-4.0","FLAGGED"
"chai","6.2.2","transitive","MIT","MIT"
"chalk","4.1.2","transitive","MIT","MIT"
"chalk","5.6.2","transitive","MIT","MIT"
"chokidar","3.6.0","transitive","MIT","MIT"
"ci-info","4.4.0","transitive","MIT","MIT"
"client-only","0.0.1","transitive","MIT","MIT"
"cliui","8.0.1","transitive","ISC","FLAGGED"
"cliui","9.0.1","transitive","ISC","FLAGGED"
"cloudflare","4.5.0","transitive","Apache-2.0","FLAGGED"
"clsx","2.1.1","direct-production","MIT","MIT"
"color-convert","2.0.1","transitive","MIT","MIT"
"color-name","1.1.4","transitive","MIT","MIT"
"combined-stream","1.0.8","transitive","MIT","MIT"
"commander","11.1.0","transitive","MIT","MIT"
"commander","2.20.3","transitive","MIT","MIT"
"commander","4.1.1","transitive","MIT","MIT"
"comment-json","4.6.2","transitive","MIT","MIT"
"concat-map","0.0.1","transitive","MIT","MIT"
"content-disposition","1.1.0","transitive","MIT","MIT"
"content-type","1.0.5","transitive","MIT","MIT"
"content-type","2.1.0","transitive","MIT","MIT"
"convert-source-map","2.0.0","transitive","MIT","MIT"
"cookie","0.7.2","transitive","MIT","MIT"
"cookie","1.1.1","transitive","MIT","MIT"
"cookie","1.1.1","transitive","MIT","MIT"
"cookie-signature","1.2.2","transitive","MIT","MIT"
"cross-env","7.0.3","transitive","MIT","MIT"
"cross-spawn","7.0.6","transitive","MIT","MIT"
"css-tree","3.2.1","transitive","MIT","MIT"
"css.escape","1.5.1","transitive","MIT","MIT"
"cssesc","3.0.0","transitive","MIT","MIT"
"csstype","3.2.3","transitive","MIT","MIT"
"damerau-levenshtein","1.0.8","transitive","BSD-2-Clause","FLAGGED"
"data-urls","7.0.0","transitive","MIT","MIT"
"data-view-buffer","1.0.2","transitive","MIT","MIT"
"data-view-byte-length","1.0.2","transitive","MIT","MIT"
"data-view-byte-offset","1.0.1","transitive","MIT","MIT"
"debug","3.2.7","transitive","MIT","MIT"
"debug","3.2.7","transitive","MIT","MIT"
"debug","3.2.7","transitive","MIT","MIT"
"debug","4.4.3","transitive","MIT","MIT"
"decimal.js","10.6.0","transitive","MIT","MIT"
"deep-is","0.1.4","transitive","MIT","MIT"
"define-data-property","1.1.4","transitive","MIT","MIT"
"define-properties","1.2.1","transitive","MIT","MIT"
"delayed-stream","1.0.0","transitive","MIT","MIT"
"depd","2.0.0","transitive","MIT","MIT"
"dequal","2.0.3","transitive","MIT","MIT"
"detect-gpu","5.0.70","transitive","MIT","MIT"
"detect-libc","2.1.2","transitive","Apache-2.0","FLAGGED"
"detect-node-es","1.1.0","transitive","MIT","MIT"
"didyoumean","1.2.2","transitive","Apache-2.0","FLAGGED"
"dlv","1.1.3","transitive","MIT","MIT"
"doctrine","2.1.0","transitive","Apache-2.0","FLAGGED"
"dom-accessibility-api","0.5.16","transitive","MIT","MIT"
"dom-accessibility-api","0.6.3","transitive","MIT","MIT"
"dotenv","16.6.1","transitive","BSD-2-Clause","FLAGGED"
"draco3d","1.5.7","transitive","Apache-2.0","FLAGGED"
"dunder-proto","1.0.1","transitive","MIT","MIT"
"duplexer","0.1.2","transitive","MIT","MIT"
"eciesjs","0.4.18","transitive","MIT","MIT"
"ee-first","1.1.1","transitive","MIT","MIT"
"electron-to-chromium","1.5.416","transitive","ISC","FLAGGED"
"emoji-regex","10.6.0","transitive","MIT","MIT"
"emoji-regex","8.0.0","transitive","MIT","MIT"
"emoji-regex","9.2.2","transitive","MIT","MIT"
"encodeurl","2.0.0","transitive","MIT","MIT"
"enquirer","2.4.1","transitive","MIT","MIT"
"entities","8.0.0","transitive","BSD-2-Clause","FLAGGED"
"error-stack-parser-es","1.0.5","transitive","MIT","MIT"
"es-abstract","1.24.2","transitive","MIT","MIT"
"es-abstract-get","1.0.0","transitive","MIT","MIT"
"es-define-property","1.0.1","transitive","MIT","MIT"
"es-errors","1.3.0","transitive","MIT","MIT"
"es-iterator-helpers","1.4.0","transitive","MIT","MIT"
"es-module-lexer","2.3.2","transitive","MIT","MIT"
"es-object-atoms","1.1.2","transitive","MIT","MIT"
"es-set-tostringtag","2.1.0","transitive","MIT","MIT"
"es-shim-unscopables","1.1.0","transitive","MIT","MIT"
"es-to-primitive","1.3.4","transitive","MIT","MIT"
"esbuild","0.25.4","direct-development","MIT","MIT"
"esbuild","0.28.1","direct-development","MIT","MIT"
"esbuild","0.28.2","direct-development","MIT","MIT"
"escalade","3.2.0","transitive","MIT","MIT"
"escape-html","1.0.3","transitive","MIT","MIT"
"escape-string-regexp","4.0.0","transitive","MIT","MIT"
"eslint","9.39.5","direct-development","MIT","MIT"
"eslint-config-next","16.3.3","direct-development","MIT","MIT"
"eslint-import-resolver-node","0.3.10","transitive","MIT","MIT"
"eslint-import-resolver-typescript","3.10.1","transitive","ISC","FLAGGED"
"eslint-module-utils","2.14.0","transitive","MIT","MIT"
"eslint-plugin-import","2.32.0","transitive","MIT","MIT"
"eslint-plugin-jsx-a11y","6.10.2","transitive","MIT","MIT"
"eslint-plugin-react","7.37.5","transitive","MIT","MIT"
"eslint-plugin-react-hooks","7.1.1","direct-development","MIT","MIT"
"eslint-scope","8.4.0","transitive","BSD-2-Clause","FLAGGED"
"eslint-visitor-keys","3.4.3","transitive","Apache-2.0","FLAGGED"
"eslint-visitor-keys","3.4.3","transitive","Apache-2.0","FLAGGED"
"eslint-visitor-keys","4.2.1","transitive","Apache-2.0","FLAGGED"
"eslint-visitor-keys","5.0.1","transitive","Apache-2.0","FLAGGED"
"espree","10.4.0","transitive","BSD-2-Clause","FLAGGED"
"esprima","4.0.1","transitive","BSD-2-Clause","FLAGGED"
"esquery","1.7.0","transitive","BSD-3-Clause","FLAGGED"
"esrecurse","4.3.0","transitive","BSD-2-Clause","FLAGGED"
"estraverse","5.3.0","transitive","BSD-2-Clause","FLAGGED"
"estree-walker","3.0.3","transitive","MIT","MIT"
"esutils","2.0.3","transitive","BSD-2-Clause","FLAGGED"
"etag","1.8.1","transitive","MIT","MIT"
"event-target-shim","5.0.1","transitive","MIT","MIT"
"execa","5.1.1","transitive","MIT","MIT"
"expect-type","1.4.0","transitive","Apache-2.0","FLAGGED"
"express","5.2.1","transitive","MIT","MIT"
"fast-deep-equal","3.1.3","transitive","MIT","MIT"
"fast-glob","3.3.1","transitive","MIT","MIT"
"fast-glob","3.3.3","transitive","MIT","MIT"
"fast-json-stable-stringify","2.1.0","transitive","MIT","MIT"
"fast-levenshtein","2.0.6","transitive","MIT","MIT"
"fastq","1.20.3","transitive","ISC","FLAGGED"
"faye-websocket","0.11.4","transitive","Apache-2.0","FLAGGED"
"fdir","6.5.0","transitive","MIT","MIT"
"fflate","0.6.11","transitive","MIT","MIT"
"fflate","0.8.3","transitive","MIT","MIT"
"file-entry-cache","8.0.0","transitive","MIT","MIT"
"fill-range","7.1.1","transitive","MIT","MIT"
"finalhandler","2.1.1","transitive","MIT","MIT"
"find-up","5.0.0","transitive","MIT","MIT"
"firebase","12.18.0","direct-production","Apache-2.0","FLAGGED"
"flat-cache","4.0.1","transitive","MIT","MIT"
"flatted","3.4.4","transitive","ISC","FLAGGED"
"for-each","0.3.5","transitive","MIT","MIT"
"foreground-child","3.3.1","transitive","ISC","FLAGGED"
"form-data","4.0.6","transitive","MIT","MIT"
"form-data-encoder","1.7.2","transitive","MIT","MIT"
"formdata-node","4.4.1","transitive","MIT","MIT"
"forwarded","0.2.0","transitive","MIT","MIT"
"fraction.js","5.3.4","transitive","MIT","MIT"
"framer-motion","11.18.2","direct-production","MIT","MIT"
"fresh","2.0.0","transitive","MIT","MIT"
"fs.realpath","1.0.0","transitive","ISC","FLAGGED"
"fsevents","2.3.3","transitive","MIT","MIT"
"function-bind","1.1.2","transitive","MIT","MIT"
"function.prototype.name","1.2.0","transitive","MIT","MIT"
"functions-have-names","1.2.3","transitive","MIT","MIT"
"generator-function","2.0.1","transitive","MIT","MIT"
"gensync","1.0.0-beta.2","transitive","MIT","MIT"
"get-caller-file","2.0.5","transitive","ISC","FLAGGED"
"get-east-asian-width","1.6.0","transitive","MIT","MIT"
"get-intrinsic","1.3.0","transitive","MIT","MIT"
"get-nonce","1.0.1","transitive","MIT","MIT"
"get-proto","1.0.1","transitive","MIT","MIT"
"get-stream","6.0.1","transitive","MIT","MIT"
"get-symbol-description","1.1.0","transitive","MIT","MIT"
"get-tsconfig","4.14.3","transitive","MIT","MIT"
"glob","12.0.0","transitive","BlueOak-1.0.0","FLAGGED"
"glob","9.3.5","transitive","ISC","FLAGGED"
"glob-parent","5.1.2","transitive","ISC","FLAGGED"
"glob-parent","5.1.2","transitive","ISC","FLAGGED"
"glob-parent","6.0.2","transitive","ISC","FLAGGED"
"glob-parent","6.0.2","transitive","ISC","FLAGGED"
"globals","14.0.0","transitive","MIT","MIT"
"globals","16.4.0","transitive","MIT","MIT"
"globalthis","1.0.4","transitive","MIT","MIT"
"glsl-noise","0.0.0","transitive","MIT","MIT"
"gopd","1.2.0","transitive","MIT","MIT"
"gzip-size","6.0.0","transitive","MIT","MIT"
"has-bigints","1.1.0","transitive","MIT","MIT"
"has-flag","4.0.0","transitive","MIT","MIT"
"has-property-descriptors","1.0.2","transitive","MIT","MIT"
"has-proto","1.2.0","transitive","MIT","MIT"
"has-symbols","1.1.0","transitive","MIT","MIT"
"has-tostringtag","1.0.2","transitive","MIT","MIT"
"hasown","2.0.4","transitive","MIT","MIT"
"hermes-estree","0.25.1","transitive","MIT","MIT"
"hermes-parser","0.25.1","transitive","MIT","MIT"
"hls.js","1.7.1","transitive","Apache-2.0","FLAGGED"
"html-encoding-sniffer","6.0.0","transitive","MIT","MIT"
"html-escaper","2.0.2","transitive","MIT","MIT"
"http-errors","2.0.1","transitive","MIT","MIT"
"http-parser-js","0.5.10","transitive","MIT","MIT"
"human-signals","2.1.0","transitive","Apache-2.0","FLAGGED"
"humanize-ms","1.2.1","transitive","MIT","MIT"
"iconv-lite","0.7.3","transitive","MIT","MIT"
"icu-minify","4.14.1","transitive","MIT","MIT"
"idb","7.1.1","transitive","ISC","FLAGGED"
"ieee754","1.2.1","transitive","BSD-3-Clause","FLAGGED"
"ignore","5.3.2","transitive","MIT","MIT"
"ignore","7.0.6","transitive","MIT","MIT"
"immediate","3.0.6","transitive","MIT","MIT"
"import-fresh","3.3.1","transitive","MIT","MIT"
"imurmurhash","0.1.4","transitive","MIT","MIT"
"indent-string","4.0.0","transitive","MIT","MIT"
"inherits","2.0.4","transitive","ISC","FLAGGED"
"internal-slot","1.1.0","transitive","MIT","MIT"
"intl-messageformat","11.2.14","transitive","BSD-3-Clause","FLAGGED"
"ipaddr.js","1.9.1","transitive","MIT","MIT"
"is-array-buffer","3.0.5","transitive","MIT","MIT"
"is-async-function","2.1.1","transitive","MIT","MIT"
"is-bigint","1.1.0","transitive","MIT","MIT"
"is-binary-path","2.1.0","transitive","MIT","MIT"
"is-boolean-object","1.2.2","transitive","MIT","MIT"
"is-bun-module","2.0.0","transitive","MIT","MIT"
"is-callable","1.2.7","transitive","MIT","MIT"
"is-core-module","2.16.2","transitive","MIT","MIT"
"is-data-view","1.0.2","transitive","MIT","MIT"
"is-date-object","1.1.0","transitive","MIT","MIT"
"is-document.all","1.0.0","transitive","MIT","MIT"
"is-extglob","2.1.1","transitive","MIT","MIT"
"is-finalizationregistry","1.1.1","transitive","MIT","MIT"
"is-fullwidth-code-point","3.0.0","transitive","MIT","MIT"
"is-generator-function","1.1.2","transitive","MIT","MIT"
"is-glob","4.0.3","transitive","MIT","MIT"
"is-map","2.0.3","transitive","MIT","MIT"
"is-negative-zero","2.0.3","transitive","MIT","MIT"
"is-number","7.0.0","transitive","MIT","MIT"
"is-number-object","1.1.1","transitive","MIT","MIT"
"is-potential-custom-element-name","1.0.1","transitive","MIT","MIT"
"is-promise","2.2.2","transitive","MIT","MIT"
"is-promise","4.0.0","transitive","MIT","MIT"
"is-regex","1.2.1","transitive","MIT","MIT"
"is-set","2.0.3","transitive","MIT","MIT"
"is-shared-array-buffer","1.0.4","transitive","MIT","MIT"
"is-stream","2.0.1","transitive","MIT","MIT"
"is-string","1.1.1","transitive","MIT","MIT"
"is-symbol","1.1.1","transitive","MIT","MIT"
"is-typed-array","1.1.15","transitive","MIT","MIT"
"is-weakmap","2.0.2","transitive","MIT","MIT"
"is-weakref","1.1.1","transitive","MIT","MIT"
"is-weakset","2.0.4","transitive","MIT","MIT"
"isarray","2.0.5","transitive","MIT","MIT"
"isexe","2.0.0","transitive","ISC","FLAGGED"
"isexe","3.1.5","transitive","BlueOak-1.0.0","FLAGGED"
"istanbul-lib-coverage","3.2.2","transitive","BSD-3-Clause","FLAGGED"
"istanbul-lib-report","3.0.1","transitive","BSD-3-Clause","FLAGGED"
"istanbul-reports","3.2.0","transitive","BSD-3-Clause","FLAGGED"
"iterator.prototype","1.1.5","transitive","MIT","MIT"
"its-fine","2.0.0","transitive","MIT","MIT"
"jackspeak","4.2.3","transitive","BlueOak-1.0.0","FLAGGED"
"jiti","1.21.7","transitive","MIT","MIT"
"js-tokens","10.0.0","transitive","MIT","MIT"
"js-tokens","4.0.0","transitive","MIT","MIT"
"js-yaml","4.3.2","transitive","MIT","MIT"
"jsdom","29.1.1","direct-development","MIT","MIT"
"jsesc","3.1.0","transitive","MIT","MIT"
"json-buffer","3.0.1","transitive","MIT","MIT"
"json-schema-traverse","0.4.1","transitive","MIT","MIT"
"json-stable-stringify-without-jsonify","1.0.1","transitive","MIT","MIT"
"json5","1.0.2","transitive","MIT","MIT"
"json5","2.2.3","transitive","MIT","MIT"
"jsx-ast-utils","3.3.5","transitive","MIT","MIT"
"keyv","4.5.4","transitive","MIT","MIT"
"kleur","4.1.5","transitive","MIT","MIT"
"language-subtag-registry","0.3.23","transitive","CC0-1.0","FLAGGED"
"language-tags","1.0.9","transitive","MIT","MIT"
"lenis","1.3.26","direct-production","MIT","MIT"
"levn","0.4.1","transitive","MIT","MIT"
"lie","3.3.0","transitive","MIT","MIT"
"lightningcss","1.33.0","transitive","MPL-2.0","FLAGGED"
"lightningcss-android-arm64","1.33.0","transitive","MPL-2.0","FLAGGED"
"lightningcss-darwin-arm64","1.33.0","transitive","MPL-2.0","FLAGGED"
"lightningcss-darwin-x64","1.33.0","transitive","MPL-2.0","FLAGGED"
"lightningcss-freebsd-x64","1.33.0","transitive","MPL-2.0","FLAGGED"
"lightningcss-linux-arm-gnueabihf","1.33.0","transitive","MPL-2.0","FLAGGED"
"lightningcss-linux-arm64-gnu","1.33.0","transitive","MPL-2.0","FLAGGED"
"lightningcss-linux-arm64-musl","1.33.0","transitive","MPL-2.0","FLAGGED"
"lightningcss-linux-x64-gnu","1.33.0","transitive","MPL-2.0","FLAGGED"
"lightningcss-linux-x64-musl","1.33.0","transitive","MPL-2.0","FLAGGED"
"lightningcss-win32-arm64-msvc","1.33.0","transitive","MPL-2.0","FLAGGED"
"lightningcss-win32-x64-msvc","1.33.0","transitive","MPL-2.0","FLAGGED"
"lilconfig","3.1.3","transitive","MIT","MIT"
"lines-and-columns","1.2.4","transitive","MIT","MIT"
"locate-path","6.0.0","transitive","MIT","MIT"
"lodash.camelcase","4.3.0","transitive","MIT","MIT"
"lodash.merge","4.6.2","transitive","MIT","MIT"
"long","5.3.2","transitive","Apache-2.0","FLAGGED"
"loose-envify","1.4.0","transitive","MIT","MIT"
"lru-cache","10.4.3","transitive","ISC","FLAGGED"
"lru-cache","11.5.2","transitive","BlueOak-1.0.0","FLAGGED"
"lru-cache","11.5.2","transitive","BlueOak-1.0.0","FLAGGED"
"lru-cache","5.1.1","transitive","ISC","FLAGGED"
"lucide-react","0.414.0","direct-production","ISC","FLAGGED"
"lz-string","1.5.0","transitive","MIT","MIT"
"maath","0.10.8","transitive","MIT","MIT"
"maath","0.6.0","transitive","MIT","MIT"
"magic-string","0.30.21","transitive","MIT","MIT"
"magicast","0.5.5","transitive","MIT","MIT"
"make-dir","4.0.0","transitive","MIT","MIT"
"math-intrinsics","1.1.0","transitive","MIT","MIT"
"mdn-data","2.27.1","transitive","CC0-1.0","FLAGGED"
"media-typer","1.1.1","transitive","MIT","MIT"
"merge-descriptors","2.0.0","transitive","MIT","MIT"
"merge-stream","2.0.0","transitive","MIT","MIT"
"merge2","1.4.1","transitive","MIT","MIT"
"meshline","3.3.1","transitive","MIT","MIT"
"meshoptimizer","0.18.1","transitive","MIT","MIT"
"micromatch","4.0.8","transitive","MIT","MIT"
"mime-db","1.52.0","transitive","MIT","MIT"
"mime-db","1.54.0","transitive","MIT","MIT"
"mime-types","2.1.35","transitive","MIT","MIT"
"mime-types","3.0.2","transitive","MIT","MIT"
"mimic-fn","2.1.0","transitive","MIT","MIT"
"min-indent","1.0.1","transitive","MIT","MIT"
"miniflare","5.20260828.0-alpha","transitive","MIT","MIT"
"minimatch","10.2.6","transitive","BlueOak-1.0.0","FLAGGED"
"minimatch","10.2.6","transitive","BlueOak-1.0.0","FLAGGED"
"minimatch","3.1.5","transitive","ISC","FLAGGED"
"minimatch","8.0.7","transitive","ISC","FLAGGED"
"minimist","1.2.8","transitive","MIT","MIT"
"minipass","4.2.8","transitive","ISC","FLAGGED"
"minipass","7.1.3","transitive","BlueOak-1.0.0","FLAGGED"
"minipass","7.1.3","transitive","BlueOak-1.0.0","FLAGGED"
"mkdirp","1.0.4","transitive","MIT","MIT"
"mnemonist","0.38.3","transitive","MIT","MIT"
"motion-dom","11.18.1","transitive","MIT","MIT"
"motion-utils","11.18.1","transitive","MIT","MIT"
"ms","2.1.3","transitive","MIT","MIT"
"mz","2.7.0","transitive","MIT","MIT"
"n8ao","1.10.3","transitive","ISC","FLAGGED"
"nanoid","3.3.18","transitive","MIT","MIT"
"napi-postinstall","0.3.4","transitive","MIT","MIT"
"natural-compare","1.4.0","transitive","MIT","MIT"
"negotiator","1.1.0","transitive","MIT","MIT"
"next","16.3.3","direct-production","MIT","MIT"
"next-intl","4.14.1","direct-production","MIT","MIT"
"next-intl-swc-plugin-extractor","4.14.1","transitive","MIT","MIT"
"node-addon-api","7.1.1","transitive","MIT","MIT"
"node-domexception","1.0.0","transitive","MIT","MIT"
"node-exports-info","1.6.2","transitive","MIT","MIT"
"node-fetch","2.7.0","transitive","MIT","MIT"
"node-releases","2.0.54","transitive","MIT","MIT"
"normalize-path","3.0.0","transitive","MIT","MIT"
"npm-run-path","4.0.1","transitive","MIT","MIT"
"object-assign","4.1.1","transitive","MIT","MIT"
"object-hash","3.0.0","transitive","MIT","MIT"
"object-inspect","1.13.4","transitive","MIT","MIT"
"object-keys","1.1.1","transitive","MIT","MIT"
"object-treeify","1.1.33","transitive","MIT","MIT"
"object.assign","4.1.7","transitive","MIT","MIT"
"object.entries","1.1.9","transitive","MIT","MIT"
"object.fromentries","2.0.8","transitive","MIT","MIT"
"object.groupby","1.0.3","transitive","MIT","MIT"
"object.values","1.2.1","transitive","MIT","MIT"
"obliterator","1.6.1","transitive","MIT","MIT"
"obug","2.1.4","transitive","MIT","MIT"
"on-finished","2.4.1","transitive","MIT","MIT"
"once","1.4.0","transitive","ISC","FLAGGED"
"onetime","5.1.2","transitive","MIT","MIT"
"optionator","0.9.4","transitive","MIT","MIT"
"own-keys","1.0.2","transitive","MIT","MIT"
"p-limit","3.1.0","transitive","MIT","MIT"
"p-locate","5.0.0","transitive","MIT","MIT"
"package-json-from-dist","1.0.1","transitive","BlueOak-1.0.0","FLAGGED"
"parent-module","1.0.1","transitive","MIT","MIT"
"parse5","8.0.1","transitive","MIT","MIT"
"parseurl","1.3.3","transitive","MIT","MIT"
"path-exists","4.0.0","transitive","MIT","MIT"
"path-key","3.1.1","transitive","MIT","MIT"
"path-parse","1.0.7","transitive","MIT","MIT"
"path-scurry","1.11.1","transitive","BlueOak-1.0.0","FLAGGED"
"path-scurry","2.0.2","transitive","BlueOak-1.0.0","FLAGGED"
"path-to-regexp","6.3.0","transitive","MIT","MIT"
"path-to-regexp","8.4.2","transitive","MIT","MIT"
"pathe","2.0.3","transitive","MIT","MIT"
"picocolors","1.1.1","transitive","ISC","FLAGGED"
"picomatch","2.3.2","transitive","MIT","MIT"
"picomatch","4.0.7","transitive","MIT","MIT"
"picomatch","4.0.7","transitive","MIT","MIT"
"picomatch","4.0.7","transitive","MIT","MIT"
"picomatch","4.0.7","transitive","MIT","MIT"
"picomatch","4.0.7","transitive","MIT","MIT"
"pirates","4.0.7","transitive","MIT","MIT"
"po-parser","2.2.0","transitive","MIT","MIT"
"possible-typed-array-names","1.1.0","transitive","MIT","MIT"
"postcss","8.5.23","direct-development","MIT","MIT"
"postcss","8.5.26","direct-development","MIT","MIT"
"postcss-import","15.1.0","transitive","MIT","MIT"
"postcss-js","4.1.0","transitive","MIT","MIT"
"postcss-load-config","6.0.1","transitive","MIT","MIT"
"postcss-nested","6.2.0","transitive","MIT","MIT"
"postcss-selector-parser","6.1.4","transitive","MIT","MIT"
"postcss-value-parser","4.2.0","transitive","MIT","MIT"
"postprocessing","6.39.4","transitive","Zlib","FLAGGED"
"potpack","1.0.2","transitive","ISC","FLAGGED"
"prelude-ls","1.2.1","transitive","MIT","MIT"
"pretty-format","27.5.1","transitive","MIT","MIT"
"promise-worker-transferable","1.0.4","transitive","Apache-2.0","FLAGGED"
"prop-types","15.8.1","transitive","MIT","MIT"
"protobufjs","7.6.6","transitive","BSD-3-Clause","FLAGGED"
"proxy-addr","2.0.7","transitive","MIT","MIT"
"punycode","2.3.1","transitive","MIT","MIT"
"qs","6.16.0","transitive","BSD-3-Clause","FLAGGED"
"queue-microtask","1.2.3","transitive","MIT","MIT"
"range-parser","1.3.0","transitive","MIT","MIT"
"raw-body","3.0.2","transitive","MIT","MIT"
"re2js","2.8.6","transitive","MIT","MIT"
"react","19.2.8","direct-production","MIT","MIT"
"react-dom","19.2.8","direct-production","MIT","MIT"
"react-hook-form","7.86.0","direct-production","MIT","MIT"
"react-is","16.13.1","transitive","MIT","MIT"
"react-is","17.0.2","transitive","MIT","MIT"
"react-remove-scroll","2.7.2","transitive","MIT","MIT"
"react-remove-scroll-bar","2.3.8","transitive","MIT","MIT"
"react-style-singleton","2.2.3","transitive","MIT","MIT"
"react-use-measure","2.1.7","transitive","MIT","MIT"
"read-cache","1.0.2","transitive","MIT","MIT"
"readdirp","3.6.0","transitive","MIT","MIT"
"redent","3.0.0","transitive","MIT","MIT"
"reflect.getprototypeof","1.0.10","transitive","MIT","MIT"
"regexp.prototype.flags","1.5.4","transitive","MIT","MIT"
"require-directory","2.1.1","transitive","MIT","MIT"
"require-from-string","2.0.2","transitive","MIT","MIT"
"resolve","1.22.12","transitive","MIT","MIT"
"resolve","1.22.12","transitive","MIT","MIT"
"resolve","2.0.0-next.7","transitive","MIT","MIT"
"resolve-from","4.0.0","transitive","MIT","MIT"
"resolve-pkg-maps","1.0.0","transitive","MIT","MIT"
"reusify","1.1.0","transitive","MIT","MIT"
"rolldown","1.2.6","transitive","MIT","MIT"
"router","2.2.0","transitive","MIT","MIT"
"run-parallel","1.2.0","transitive","MIT","MIT"
"safe-array-concat","1.1.4","transitive","MIT","MIT"
"safe-buffer","5.2.1","transitive","MIT","MIT"
"safe-push-apply","1.0.0","transitive","MIT","MIT"
"safe-regex-test","1.1.0","transitive","MIT","MIT"
"safer-buffer","2.1.2","transitive","MIT","MIT"
"saxes","6.0.0","transitive","ISC","FLAGGED"
"scheduler","0.27.0","transitive","MIT","MIT"
"semver","6.3.1","transitive","ISC","FLAGGED"
"semver","6.3.1","transitive","ISC","FLAGGED"
"semver","6.3.1","transitive","ISC","FLAGGED"
"semver","6.3.1","transitive","ISC","FLAGGED"
"semver","6.3.1","transitive","ISC","FLAGGED"
"semver","7.8.5","transitive","ISC","FLAGGED"
"send","1.2.1","transitive","MIT","MIT"
"serve-static","2.2.1","transitive","MIT","MIT"
"set-function-length","1.2.2","transitive","MIT","MIT"
"set-function-name","2.0.2","transitive","MIT","MIT"
"set-proto","1.0.0","transitive","MIT","MIT"
"setprototypeof","1.2.0","transitive","ISC","FLAGGED"
"sharp","0.35.2","transitive","Apache-2.0","FLAGGED"
"sharp","0.35.4","transitive","Apache-2.0","FLAGGED"
"shebang-command","2.0.0","transitive","MIT","MIT"
"shebang-regex","3.0.0","transitive","MIT","MIT"
"side-channel","1.1.1","transitive","MIT","MIT"
"side-channel-list","1.0.1","transitive","MIT","MIT"
"side-channel-map","1.0.1","transitive","MIT","MIT"
"side-channel-weakmap","1.0.2","transitive","MIT","MIT"
"siginfo","2.0.0","transitive","ISC","FLAGGED"
"signal-exit","3.0.7","transitive","ISC","FLAGGED"
"signal-exit","4.1.0","transitive","ISC","FLAGGED"
"source-map","0.6.1","transitive","BSD-3-Clause","FLAGGED"
"source-map-js","1.2.1","transitive","BSD-3-Clause","FLAGGED"
"source-map-support","0.5.21","transitive","MIT","MIT"
"stable-hash","0.0.5","transitive","MIT","MIT"
"stackback","0.0.2","transitive","MIT","MIT"
"stats-gl","2.4.2","transitive","MIT","MIT"
"stats.js","0.17.0","transitive","MIT","MIT"
"statuses","2.0.2","transitive","MIT","MIT"
"std-env","4.2.0","transitive","MIT","MIT"
"stop-iteration-iterator","1.1.0","transitive","MIT","MIT"
"string-width","4.2.3","transitive","MIT","MIT"
"string-width","7.2.0","transitive","MIT","MIT"
"string-width","7.2.0","transitive","MIT","MIT"
"string-width","8.2.2","transitive","MIT","MIT"
"string.prototype.includes","2.0.1","transitive","MIT","MIT"
"string.prototype.matchall","4.1.0","transitive","MIT","MIT"
"string.prototype.repeat","1.0.0","transitive","MIT","MIT"
"string.prototype.trim","1.2.11","transitive","MIT","MIT"
"string.prototype.trimend","1.0.10","transitive","MIT","MIT"
"string.prototype.trimstart","1.0.8","transitive","MIT","MIT"
"strip-ansi","6.0.1","transitive","MIT","MIT"
"strip-ansi","7.2.0","transitive","MIT","MIT"
"strip-bom","3.0.0","transitive","MIT","MIT"
"strip-final-newline","2.0.0","transitive","MIT","MIT"
"strip-indent","3.0.0","transitive","MIT","MIT"
"strip-json-comments","3.1.1","transitive","MIT","MIT"
"styled-jsx","5.1.6","transitive","MIT","MIT"
"sucrase","3.35.1","transitive","MIT","MIT"
"supports-color","10.2.2","transitive","MIT","MIT"
"supports-color","7.2.0","transitive","MIT","MIT"
"supports-preserve-symlinks-flag","1.0.0","transitive","MIT","MIT"
"suspend-react","0.1.3","transitive","MIT","MIT"
"symbol-tree","3.2.4","transitive","MIT","MIT"
"tailwind-merge","2.6.1","direct-production","MIT","MIT"
"tailwindcss","3.4.19","direct-development","MIT","MIT"
"terser","5.16.9","transitive","BSD-2-Clause","FLAGGED"
"thenify","3.3.1","transitive","MIT","MIT"
"thenify-all","1.6.0","transitive","MIT","MIT"
"three","0.170.0","direct-production","MIT","MIT"
"three","0.183.2","direct-production","MIT","MIT"
"three-mesh-bvh","0.8.3","transitive","MIT","MIT"
"three-stdlib","2.36.1","transitive","MIT","MIT"
"tinybench","2.9.0","transitive","MIT","MIT"
"tinyexec","1.3.0","transitive","MIT","MIT"
"tinyglobby","0.2.17","transitive","MIT","MIT"
"tinyrainbow","3.1.1","transitive","MIT","MIT"
"tldts","7.4.11","transitive","MIT","MIT"
"tldts-core","7.4.11","transitive","MIT","MIT"
"to-regex-range","5.0.1","transitive","MIT","MIT"
"toidentifier","1.0.1","transitive","MIT","MIT"
"tough-cookie","6.0.2","transitive","BSD-3-Clause","FLAGGED"
"tr46","0.0.3","transitive","MIT","MIT"
"tr46","6.0.0","transitive","MIT","MIT"
"troika-three-text","0.52.5","transitive","MIT","MIT"
"troika-three-utils","0.52.5","transitive","MIT","MIT"
"troika-worker-utils","0.52.0","transitive","MIT","MIT"
"ts-api-utils","2.5.0","transitive","MIT","MIT"
"ts-interface-checker","0.1.13","transitive","Apache-2.0","FLAGGED"
"ts-tqdm","0.8.6","transitive","MIT","MIT"
"tsconfig-paths","3.15.0","transitive","MIT","MIT"
"tslib","2.8.1","transitive","0BSD","FLAGGED"
"tunnel-rat","0.1.2","transitive","MIT","MIT"
"type-check","0.4.0","transitive","MIT","MIT"
"type-is","2.1.0","transitive","MIT","MIT"
"typed-array-buffer","1.0.3","transitive","MIT","MIT"
"typed-array-byte-length","1.0.3","transitive","MIT","MIT"
"typed-array-byte-offset","1.0.4","transitive","MIT","MIT"
"typed-array-length","1.0.8","transitive","MIT","MIT"
"typescript","5.9.3","direct-development","Apache-2.0","FLAGGED"
"typescript-eslint","8.68.0","transitive","MIT","MIT"
"unbox-primitive","1.1.0","transitive","MIT","MIT"
"undici","7.29.0","transitive","MIT","MIT"
"undici","7.29.0","transitive","MIT","MIT"
"undici-types","5.26.5","transitive","MIT","MIT"
"undici-types","6.21.0","transitive","MIT","MIT"
"unenv","2.0.0-rc.24","transitive","MIT","MIT"
"unpipe","1.0.0","transitive","MIT","MIT"
"unrs-resolver","1.12.2","transitive","MIT","MIT"
"update-browserslist-db","1.3.2","transitive","MIT","MIT"
"uri-js","4.4.1","transitive","BSD-2-Clause","FLAGGED"
"urlpattern-polyfill","10.1.0","transitive","MIT","MIT"
"use-callback-ref","1.3.3","transitive","MIT","MIT"
"use-intl","4.14.1","transitive","MIT","MIT"
"use-sidecar","1.1.3","transitive","MIT","MIT"
"use-sync-external-store","1.6.0","transitive","MIT","MIT"
"util-deprecate","1.0.2","transitive","MIT","MIT"
"utility-types","3.11.0","transitive","MIT","MIT"
"vary","1.1.2","transitive","MIT","MIT"
"vite","8.2.2","transitive","MIT","MIT"
"vitest","4.1.11","direct-development","MIT","MIT"
"w3c-xmlserializer","5.0.0","transitive","MIT","MIT"
"web-streams-polyfill","4.0.0-beta.3","transitive","MIT","MIT"
"web-vitals","4.2.4","transitive","Apache-2.0","FLAGGED"
"webgl-constants","1.1.1","transitive","UNKNOWN","FLAGGED"
"webgl-sdf-generator","1.1.1","transitive","MIT","MIT"
"webidl-conversions","3.0.1","transitive","BSD-2-Clause","FLAGGED"
"webidl-conversions","8.0.1","transitive","BSD-2-Clause","FLAGGED"
"websocket-driver","0.7.5","transitive","Apache-2.0","FLAGGED"
"websocket-extensions","0.1.4","transitive","Apache-2.0","FLAGGED"
"whatwg-mimetype","5.0.0","transitive","MIT","MIT"
"whatwg-url","16.0.1","transitive","MIT","MIT"
"whatwg-url","5.0.0","transitive","MIT","MIT"
"which","2.0.2","transitive","ISC","FLAGGED"
"which","4.0.0","transitive","ISC","FLAGGED"
"which-boxed-primitive","1.1.1","transitive","MIT","MIT"
"which-builtin-type","1.2.1","transitive","MIT","MIT"
"which-collection","1.0.2","transitive","MIT","MIT"
"which-typed-array","1.1.22","transitive","MIT","MIT"
"why-is-node-running","2.3.0","transitive","MIT","MIT"
"word-wrap","1.2.5","transitive","MIT","MIT"
"workerd","1.20260828.1","transitive","Apache-2.0","FLAGGED"
"wrangler","4.127.1","direct-development","MIT OR Apache-2.0","FLAGGED"
"wrap-ansi","7.0.0","transitive","MIT","MIT"
"wrap-ansi","9.0.2","transitive","MIT","MIT"
"wrappy","1.0.2","transitive","ISC","FLAGGED"
"ws","8.21.0","transitive","MIT","MIT"
"xml-name-validator","5.0.0","transitive","Apache-2.0","FLAGGED"
"xmlchars","2.2.0","transitive","MIT","MIT"
"y18n","5.0.8","transitive","ISC","FLAGGED"
"yallist","3.1.1","transitive","ISC","FLAGGED"
"yaml","2.9.0","transitive","ISC","FLAGGED"
"yargs","17.7.3","transitive","MIT","MIT"
"yargs","18.1.0","transitive","MIT","MIT"
"yargs-parser","21.1.1","transitive","ISC","FLAGGED"
"yargs-parser","22.0.0","transitive","ISC","FLAGGED"
"yocto-queue","0.1.0","transitive","MIT","MIT"
"youch","4.1.0-beta.10","transitive","MIT","MIT"
"youch-core","0.3.3","transitive","MIT","MIT"
"zod","3.25.76","direct-production","MIT","MIT"
"zod-validation-error","4.0.2","transitive","MIT","MIT"
"zustand","4.5.7","transitive","MIT","MIT"
"zustand","5.0.15","transitive","MIT","MIT"
